,words
0,अलग
1,इस्तेमाल किया गया
2,महत्वपूर्ण
3,प्रत्येक
4,बड़ा
5,उपलब्ध
6,लोकप्रिय
7,योग्य
8,बुनियादी
9,ज्ञात
10,विभिन्न
11,कठिन
12,अनेक
13,यूनाइटेड
14,ऐतिहासिक
15,गर्म
16,उपयोगी
17,मानसिक
18,डरा हुआ
19,अतिरिक्त
20,भावनात्मक
21,पुराना
22,राजनीतिक
23,समान
24,सेहतमंद
25,वित्तीय
26,चिकित्सा
27,परंपरागत
28,संघीय
29,पूरा
30,मज़बूत
31,वास्तविक
32,महत्वपूर्ण
33,सफल
34,विद्युतीय
35,महँगा
36,गर्भवती
37,बुद्धिमान
38,दिलचस्प
39,गरीब
40,खुश
41,जवाबदार
42,प्यारा
43,मददगार
44,हाल ही का
45,इच्छुक
46,अच्छा
47,आश्चर्यजनक
48,असंभव
49,गंभीर
50,बहुत बड़ा
51,दुर्लभ
52,तकनीकी
53,ठेठ
54,प्रतिस्पर्द्धी
55,गंभीर
56,इलेक्ट्रोनिक
57,तुरंत
58,अवगत
59,शिक्षात्मक
60,पर्यावरण
61,वैश्विक
62,कानूनी
63,उपयुक्त
64,शुद्ध
65,काबिल
66,खतरनाक
67,नाटकीय
68,कुशल
69,ताकतवर
70,विदेश
71,भूखा
72,व्यावहारिक
73,मनोवैज्ञानिक
74,गंभीर
75,उपयुक्त
76,बहुत
77,पर्याप्त
78,असामान्य
79,एक जैसा
80,सांस्कृतिक
81,मौजूदा
82,प्रसिद्ध
83,शुद्ध
84,डरना
85,ज़ाहिर
86,सावधान
87,बाद वाला
88,अप्रसन्न
89,स्वीकार्य
90,आक्रामक
91,उबाऊ
92,अलग
93,पूर्व का
94,तार्किक
95,तर्कसंगत
96,कठोर
97,प्रशासनिक
98,स्वचालित
99,नागरिक
100,पूर्व
101,बड़ा
102,दक्षिण
103,अनुचित
104,दृश्यमान
105,जीवित
106,गुस्सा
107,निराश
108,रोमांचक
109,दोस्ताना
110,भाग्यशाली
111,वास्तविक
112,क्षमा मांगना
113,कुरूप
114,संभावना नहीं
115,चिंतित
116,विस्तृत
117,जिज्ञासु
118,प्रभावशाली
119,अनौपचारिक
120,भीतरी
121,सुखद
122,यौन
123,अचानक
124,भयानक
125,अक्षम
126,कमज़ोर
127,लकड़ी का
128,सुप्त
129,आत्मविश्वासी
130,सचेत
131,शालीन
132,शर्मिंदा
133,अपराधी
134,अकेला
135,पागल
136,घबराया हुआ
137,अजीब
138,उत्कृष्ट
139,संतोषजनक
140,संदिग्ध
141,लंबा
142,छोटा
143,अधिक
144,कुछ
145,एक
146,सभी
147,अनेक
148,अधिकांश
149,अन्य
150,ऐसा
151,यहां तक ​​की
152,नया
153,अभी
154,अच्छा
155,कोई
156,प्रत्येक
157,अधिकता
158,अपना
159,महान
160,एक और
161,वही
162,कुछ
163,मुक्त
164,सही
165,फिर भी
166,श्रेष्ठ
167,जनता
168,इंसान
169,दोनों
170,स्थानीय
171,ज़रूर
172,बेहतर
173,आम
174,विशिष्ट
175,पर्याप्त
176,लंबा
177,छोटा
178,कम
179,उच्च
180,कुछ
181,थोड़ा
182,सामान्य
183,अगला
184,सरल
185,मुश्किल
186,अतीत
187,बड़ा
188,संभव
189,विशिष्ट
190,असली
191,प्रमुख
192,निजी
193,मौजूदा
194,बाएं
195,राष्ट्रीय
196,कम से कम
197,प्राकृतिक
198,भौतिक
199,छोटा
200,अंतिम
201,अकेला
202,व्यक्ति
203,मुख्य
204,संभावना
205,पेशेवर
206,अंतरराष्ट्रीय
207,निचला
208,खुला
209,अनुसार
210,विकल्प
211,विशेष
212,कार्यरत
213,सत्य
214,पूरा
215,साफ़
216,सूखा
217,आसान
218,ठंडा
219,व्यावसायिक
220,भरा हुआ
221,कम
222,प्राथमिक
223,कीमत
224,ज़रूरी
225,सकारात्मक
226,वर्तमान
227,बंद करना
228,रचनात्मक
229,हरा
230,देर
231,उपयुक्त
232,खुश
233,उचित
234,जटिल
235,संतुष्ट
236,देय
237,असरदार
238,मध्य
239,नियमित
240,तेज़
241,स्वतंत्र
242,मूल
243,चौड़ा
244,सुंदर
245,पूरा
246,सक्रिय
247,नकारात्मक
248,सुरक्षित
249,तस्वीर
250,गलत
251,पहले
252,जल्दी
253,तैयार
254,सीधा
255,सफ़ेद
256,प्रत्यक्ष
257,उत्कृष्ट
258,अतिरिक्त
259,कनिष्ठ
260,सुंदर
261,अद्वितीय
262,क्लासिक
263,अंतिम
264,कुल मिलाकर
265,निजी
266,अलग
267,वेस्टर्न
268,अकेला
269,परिचित
270,अधिकारी
271,उत्तम
272,चमकदार
273,चौड़ा
274,आरामदायक
275,समतल
276,अमीर
277,गरम
278,युवा
279,अधिक वज़नदार
280,कीमती
281,सही
282,प्रमुख
283,धीमा
284,साफ़
285,ताज़ा
286,सामान्य
287,गुप्त
288,कठिन
289,भूरा
290,सस्ता
291,गहरा
292,उद्देश्य
293,सुरक्षित
294,पतला
295,रासायनिक
296,ठंडा
297,चरम
298,एकदम सही
299,गोरा
300,अच्छा
301,औपचारिक
302,विलोम
303,दूर
304,कुल
305,बहुत बड़ा
306,खोया
307,चिकना
308,अँधेरा
309,दोहरा
310,बराबर
311,अटल
312,अक्सर
313,आंतरिक
314,संवेदनशील
315,नियत
316,अवयस्क
317,पहले का
318,कच्चा
319,कोमल
320,ठोस
321,अजीब
322,अद्भुत
323,वार्षिक
324,व्यस्त
325,मृत
326,असत्य
327,गोल
328,तीखा
329,मोटा
330,ढंग
331,बराबर
332,प्रारंभिक
333,सँकरा
334,आस-पास
335,गर्व
336,आध्यात्मिक
337,जंगली
338,वयस्क
339,अलग
340,संक्षिप्त
341,पागल
342,पहले
343,खुरदुरा
344,उदास
345,बीमार
346,अजीब
347,बाहरी
348,गैरकानूनी
349,ऊँचा स्वर
350,गतिमान
351,बहुत खराब
352,साधारण
353,शाही
354,वरिष्ठ
355,बहुत अच्छा
356,कसा हुआ
357,अपर
358,पीला
359,आश्रित
360,मज़ेदार
361,कुल
362,बीमार
363,अतिरिक्त
364,मिठाई
365,ऊपर
366,साधारण
367,बहादुर
368,शांत
369,गंदा
370,शहर
371,ग्रैंड
372,ईमानदार
373,ढीला
374,नर
375,शांत
376,प्रतिभाशाली
377,प्रिय
378,पिया हुआ
379,खाली
380,महिला
381,अनिवार्य
382,साफ़
383,ठीक
384,प्रतिनिधि
385,नासमझ
386,थोड़ा
387,बुद्धिमान
388,बेवकूफ
389,अस्थायी
390,साप्ताहिक
391,वह
392,यह
393,क्या
394,कौन
395,समय
396,इन
397,काम
398,नहीं
399,केवल
400,तब
401,पहला
402,धन
403,ऊपर
404,व्यवसाय
405,उसका
406,खेल
407,सोचना
408,बाद
409,ज़िंदगी
410,दिन
411,घर
412,अर्थव्यवस्था
413,दूर
414,दोनों में से एक
415,मोटा
416,चाबी
417,प्रशिक्षण
418,ऊपर
419,स्तर
420,दूर
421,आनंद
422,घर
423,दयालु
424,भविष्य
425,कार्य
426,रहना
427,अवधि
428,विषय
429,अर्थ
430,भंडार
431,अवसर
432,शुरुआत
433,परेशान
434,मुर्गा
435,सिर
436,सामग्री
437,नमक
438,कार
439,उचित
440,अंदर
441,बाहर
442,मानक
443,मध्यम
444,पसंद
445,उत्तर
446,वर्ग
447,जन्म
448,राजधानी
449,गोली मारना
450,सामने
451,जीविका
452,प्लास्टिक
453,अभिव्यक्त करना
454,अनुभूति
455,अन्यथा
456,प्लस
457,जमा पूंजी
458,जानवर
459,बजट
460,मिनट
461,चरित्र
462,अधिकतम
463,उपन्यास
464,बहुत
465,चुनना
466,पृष्ठभूमि
467,आगे
468,काँच
469,संयुक्त
470,मालिक
471,लाल
472,सब्ज़ी
473,आदर्श
474,रसोईघर
475,मां
476,दल
477,रिश्तेदार
478,संकेत
479,गली
480,जोड़ना
481,न्यूनतम
482,समुद्र
483,दक्षिण
484,दर्जा
485,बेटी
486,घंटा
487,चाल
488,दोपहर
489,सोना
490,उद्देश्य
491,प्रतिनिधि
492,कोना
493,पूर्व
494,कोई भी नहीं
495,पार्किंग
496,दिनचर्या
497,तैरना
498,सर्दी
499,एयरलाइन
500,डिजाइनर
501,पोशाक
502,आपातकाल
503,शाम
504,विस्तार
505,छुट्टी
506,डरावना
507,पर्वत
508,मरीज़
509,सबूत
510,पश्चिम
511,शराब
512,विशेषज्ञ
513,देशी
514,उद्घाटन
515,चाँदी
516,बरबाद करना
517,विमान
518,चमड़ा
519,बैंगनी
520,SPECIALIST
521,कड़वा
522,घटना
523,मोटर
524,दिखावा करना
525,इनाम
526,निवासी
